postcode,electorate
0800,Solomon
0810,Solomon
0812,Solomon
0820,Lingiari
0820,Solomon
0822,Lingiari
0828,Lingiari
0828,Solomon
0829,Lingiari
0829,Solomon
0830,Lingiari
0830,Solomon
0832,Lingiari
0832,Solomon
0834,Lingiari
0835,Lingiari
0836,Lingiari
0837,Lingiari
0838,Lingiari
0839,Lingiari
0840,Lingiari
0841,Lingiari
0845,Lingiari
0846,Lingiari
0847,Lingiari
0850,Lingiari
0852,Lingiari
0853,Lingiari
0854,Lingiari
0860,Lingiari
0862,Lingiari
0870,Lingiari
0872,Lingiari
0875,Lingiari
0880,Lingiari
0885,Lingiari
0886,Lingiari
2000,Grayndler
2000,Sydney
2007,Sydney
2008,Sydney
2009,Sydney
2010,Sydney
2010,Wentworth
2011,Sydney
2011,Wentworth
2015,Sydney
2016,Sydney
2017,Sydney
2018,Kingsford Smith
2018,Sydney
2019,Kingsford Smith
2020,Kingsford Smith
2021,Wentworth
2022,Wentworth
2023,Wentworth
2024,Wentworth
2025,Wentworth
2026,Wentworth
2027,Wentworth
2028,Wentworth
2029,Wentworth
2030,Wentworth
2031,Kingsford Smith
2031,Wentworth
2032,Kingsford Smith
2033,Kingsford Smith
2034,Kingsford Smith
2035,Kingsford Smith
2036,Kingsford Smith
2037,Sydney
2038,Grayndler
2038,Sydney
2039,Grayndler
2040,Grayndler
2041,Grayndler
2042,Grayndler
2042,Sydney
2043,Sydney
2044,Barton
2044,Grayndler
2044,Sydney
2045,Grayndler
2046,Reid
2047,Grayndler
2047,Reid
2048,Grayndler
2048,Sydney
2049,Grayndler
2050,Grayndler
2050,Sydney
2060,North Sydney
2061,North Sydney
2062,North Sydney
2063,North Sydney
2064,North Sydney
2065,North Sydney
2066,North Sydney
2067,Bennelong
2067,Bradfield
2067,North Sydney
2068,North Sydney
2069,Bradfield
2070,Bradfield
2071,Bradfield
2072,Bradfield
2073,Bradfield
2074,Bradfield
2075,Bradfield
2076,Berowra
2076,Bradfield
2077,Berowra
2077,Bradfield
2079,Berowra
2079,Bradfield
2080,Berowra
2081,Berowra
2082,Berowra
2083,Berowra
2083,Robertson
2084,Mackellar
2085,Mackellar
2086,Mackellar
2086,Warringah
2087,Mackellar
2087,Warringah
2088,Warringah
2089,North Sydney
2089,Warringah
2090,North Sydney
2090,Warringah
2092,Warringah
2093,Warringah
2094,Warringah
2095,Warringah
2096,Warringah
2097,Mackellar
2099,Mackellar
2099,Warringah
2100,Mackellar
2100,Warringah
2101,Mackellar
2102,Mackellar
2103,Mackellar
2104,Mackellar
2105,Mackellar
2106,Mackellar
2107,Mackellar
2108,Mackellar
2110,North Sydney
2111,Bennelong
2111,North Sydney
2112,Bennelong
2113,Bennelong
2114,Bennelong
2115,Bennelong
2115,Parramatta
2116,Parramatta
2117,Bennelong
2117,Parramatta
2118,Bennelong
2118,Berowra
2118,Parramatta
2119,Bennelong
2119,Berowra
2120,Berowra
2121,Bennelong
2122,Bennelong
2125,Berowra
2125,Mitchell
2126,Berowra
2127,Reid
2128,Reid
2130,Grayndler
2130,Watson
2131,Grayndler
2131,Reid
2131,Watson
2132,Reid
2132,Watson
2133,Watson
2134,Reid
2135,Reid
2136,Watson
2137,Reid
2138,Reid
2140,Reid
2141,Blaxland
2141,Reid
2141,Watson
2142,Blaxland
2142,Parramatta
2143,Blaxland
2144,Blaxland
2144,Reid
2145,Greenway
2145,McMahon
2145,Parramatta
2146,Greenway
2146,Mitchell
2146,Parramatta
2147,Greenway
2148,Chifley
2148,Greenway
2148,McMahon
2150,Parramatta
2151,Mitchell
2151,Parramatta
2152,Mitchell
2152,Parramatta
2153,Mitchell
2154,Berowra
2154,Mitchell
2155,Greenway
2155,Mitchell
2156,Berowra
2156,Mitchell
2157,Berowra
2158,Berowra
2159,Berowra
2160,McMahon
2160,Parramatta
2161,Blaxland
2161,McMahon
2161,Parramatta
2162,Blaxland
2163,Blaxland
2163,Fowler
2164,McMahon
2165,Fowler
2165,McMahon
2166,Fowler
2166,McMahon
2167,Werriwa
2168,Werriwa
2170,Fowler
2170,Hughes
2170,Werriwa
2171,Werriwa
2172,Hughes
2173,Hughes
2174,Hughes
2174,Werriwa
2175,McMahon
2176,Fowler
2176,McMahon
2177,Fowler
2177,Werriwa
2178,McMahon
2178,Werriwa
2179,Macarthur
2179,Werriwa
2190,Watson
2191,Watson
2192,Barton
2192,Watson
2193,Barton
2193,Grayndler
2193,Watson
2194,Barton
2194,Watson
2195,Watson
2196,Watson
2197,Blaxland
2198,Blaxland
2199,Blaxland
2199,Watson
2200,Blaxland
2200,Watson
2203,Barton
2203,Grayndler
2204,Barton
2204,Grayndler
2205,Barton
2206,Barton
2207,Barton
2208,Barton
2208,Watson
2209,Banks
2209,Barton
2209,Watson
2210,Banks
2210,Watson
2211,Banks
2211,Blaxland
2211,Watson
2212,Banks
2212,Blaxland
2213,Banks
2214,Banks
2214,Blaxland
2216,Barton
2217,Barton
2217,Cook
2218,Banks
2218,Barton
2219,Cook
2220,Banks
2220,Barton
2221,Banks
2221,Cook
2222,Banks
2222,Barton
2223,Banks
2224,Cook
2224,Hughes
2225,Hughes
2226,Hughes
2227,Cook
2227,Hughes
2228,Cook
2229,Cook
2230,Cook
2230,Hughes
2231,Cook
2232,Cunningham
2232,Hughes
2233,Hughes
2234,Hughes
2250,Dobell
2250,Hunter
2250,Robertson
2251,Robertson
2256,Robertson
2257,Robertson
2258,Dobell
2259,Dobell
2259,Shortland
2260,Dobell
2260,Robertson
2261,Dobell
2262,Dobell
2262,Shortland
2263,Dobell
2264,Hunter
2265,Hunter
2267,Hunter
2278,Hunter
2280,Shortland
2281,Shortland
2282,Shortland
2283,Hunter
2284,Hunter
2284,Shortland
2285,Hunter
2285,Newcastle
2285,Shortland
2286,Hunter
2287,Hunter
2287,Newcastle
2289,Newcastle
2289,Shortland
2290,Shortland
2291,Newcastle
2292,Newcastle
2293,Newcastle
2294,Newcastle
2295,Newcastle
2295,Paterson
2296,Newcastle
2297,Newcastle
2298,Newcastle
2299,Newcastle
2300,Newcastle
2302,Newcastle
2303,Newcastle
2304,Newcastle
2305,Newcastle
2305,Shortland
2306,Shortland
2307,Newcastle
2308,Newcastle
2311,Lyne
2312,Lyne
2315,Paterson
2316,Paterson
2317,Paterson
2318,Lyne
2318,Paterson
2319,Paterson
2320,Hunter
2320,Lyne
2320,Paterson
2321,Lyne
2321,Paterson
2322,Newcastle
2322,Paterson
2323,Hunter
2323,Paterson
2324,Lyne
2324,Paterson
2325,Hunter
2326,Hunter
2326,Paterson
2327,Paterson
2328,Hunter
2329,New England
2329,Parkes
2330,Hunter
2333,Hunter
2333,New England
2334,Hunter
2334,Paterson
2335,Hunter
2335,Lyne
2336,Hunter
2336,New England
2337,New England
2338,New England
2339,New England
2340,New England
2340,Parkes
2341,New England
2342,New England
2342,Parkes
2343,New England
2343,Parkes
2344,New England
2345,New England
2346,New England
2347,New England
2347,Parkes
2350,New England
2352,New England
2353,New England
2354,New England
2355,New England
2356,Parkes
2357,Parkes
2358,New England
2359,New England
2360,New England
2360,Parkes
2361,New England
2365,New England
2369,New England
2370,New England
2370,Page
2371,New England
2372,New England
2379,Parkes
2380,Parkes
2381,New England
2381,Parkes
2382,Parkes
2386,Parkes
2387,Parkes
2388,Parkes
2390,New England
2390,Parkes
2395,Parkes
2396,Parkes
2397,Parkes
2398,Parkes
2399,Parkes
2400,Parkes
2401,Parkes
2402,New England
2402,Parkes
2403,New England
2403,Parkes
2404,New England
2404,Parkes
2405,Parkes
2406,Maranoa
2406,Parkes
2408,Parkes
2409,Parkes
2410,New England
2411,Parkes
2415,Lyne
2420,Lyne
2421,Lyne
2422,Lyne
2423,Lyne
2424,Lyne
2425,Lyne
2426,Lyne
2427,Lyne
2428,Lyne
2429,Lyne
2430,Lyne
2431,Cowper
2439,Lyne
2440,Cowper
2440,New England
2441,Cowper
2441,Lyne
2443,Lyne
2444,Cowper
2445,Lyne
2446,Lyne
2447,Cowper
2448,Cowper
2449,Cowper
2450,Cowper
2450,Page
2452,Cowper
2453,Cowper
2453,New England
2453,Page
2454,Cowper
2455,Cowper
2456,Page
2460,Page
2462,Page
2463,Page
2464,Page
2465,Page
2466,Page
2469,New England
2469,Page
2470,Page
2471,Page
2472,Page
2473,Page
2474,Page
2475,New England
2475,Page
2476,New England
2476,Page
2477,Page
2477,Richmond
2478,Page
2478,Richmond
2479,Richmond
2480,Page
2480,Richmond
2481,Richmond
2482,Richmond
2483,Richmond
2484,Richmond
2485,Richmond
2486,Richmond
2487,Richmond
2488,Richmond
2489,Richmond
2490,Richmond
2500,Cunningham
2502,Cunningham
2502,Whitlam
2505,Cunningham
2506,Whitlam
2508,Cunningham
2515,Cunningham
2516,Cunningham
2517,Cunningham
2518,Cunningham
2519,Cunningham
2525,Cunningham
2526,Cunningham
2526,Whitlam
2527,Gilmore
2527,Whitlam
2528,Whitlam
2529,Whitlam
2530,Whitlam
2533,Gilmore
2534,Gilmore
2535,Gilmore
2536,Gilmore
2537,Gilmore
2538,Gilmore
2539,Gilmore
2540,Gilmore
2541,Gilmore
2545,Eden-Monaro
2545,Gilmore
2546,Eden-Monaro
2548,Eden-Monaro
2549,Eden-Monaro
2550,Eden-Monaro
2551,Eden-Monaro
2555,Lindsay
2555,Werriwa
2556,Hume
2556,Macarthur
2556,Werriwa
2557,Macarthur
2557,Werriwa
2558,Macarthur
2559,Macarthur
2560,Hume
2560,Macarthur
2563,Macarthur
2564,Werriwa
2565,Macarthur
2565,Werriwa
2566,Macarthur
2567,Hume
2567,Macarthur
2568,Hume
2569,Hume
2570,Hume
2570,Macarthur
2571,Hume
2572,Hume
2573,Hume
2574,Hume
2575,Hume
2575,Whitlam
2576,Whitlam
2577,Gilmore
2577,Hume
2577,Whitlam
2578,Hume
2579,Hume
2579,Whitlam
2580,Calare
2580,Eden-Monaro
2580,Hume
2581,Eden-Monaro
2581,Hume
2582,Eden-Monaro
2582,Hume
2582,Riverina
2583,Hume
2584,Eden-Monaro
2585,Riverina
2586,Hume
2586,Riverina
2587,Riverina
2588,Riverina
2590,Riverina
2594,Riverina
2600,Bean
2600,Canberra
2601,Canberra
2602,Canberra
2603,Canberra
2604,Canberra
2605,Canberra
2606,Bean
2606,Canberra
2607,Bean
2609,Bean
2609,Canberra
2611,Bean
2611,Canberra
2611,Eden-Monaro
2612,Canberra
2614,Canberra
2614,Fenner
2615,Fenner
2617,Bean
2617,Canberra
2617,Fenner
2618,Eden-Monaro
2618,Fenner
2619,Eden-Monaro
2620,Bean
2620,Canberra
2620,Eden-Monaro
2621,Eden-Monaro
2622,Eden-Monaro
2622,Gilmore
2623,Eden-Monaro
2626,Eden-Monaro
2627,Eden-Monaro
2628,Eden-Monaro
2629,Eden-Monaro
2630,Eden-Monaro
2631,Eden-Monaro
2632,Eden-Monaro
2633,Eden-Monaro
2640,Eden-Monaro
2640,Farrer
2641,Farrer
2642,Eden-Monaro
2642,Farrer
2642,Riverina
2643,Farrer
2644,Farrer
2645,Farrer
2645,Riverina
2646,Farrer
2647,Farrer
2648,Farrer
2648,Parkes
2649,Eden-Monaro
2650,Farrer
2650,Riverina
2651,Riverina
2652,Eden-Monaro
2652,Farrer
2652,Riverina
2653,Eden-Monaro
2655,Riverina
2656,Riverina
2658,Farrer
2658,Riverina
2659,Farrer
2659,Riverina
2660,Farrer
2661,Riverina
2663,Riverina
2665,Farrer
2665,Riverina
2666,Riverina
2668,Riverina
2669,Farrer
2669,Parkes
2669,Riverina
2671,Parkes
2671,Riverina
2672,Parkes
2675,Farrer
2678,Riverina
2680,Farrer
2681,Farrer
2700,Farrer
2701,Riverina
2702,Riverina
2703,Farrer
2705,Farrer
2706,Farrer
2707,Farrer
2710,Farrer
2711,Farrer
2712,Farrer
2713,Farrer
2714,Farrer
2715,Farrer
2716,Farrer
2717,Farrer
2720,Eden-Monaro
2721,Riverina
2722,Eden-Monaro
2722,Riverina
2725,Riverina
2726,Riverina
2727,Riverina
2729,Eden-Monaro
2729,Riverina
2730,Eden-Monaro
2731,Farrer
2732,Farrer
2733,Farrer
2734,Farrer
2735,Farrer
2736,Farrer
2737,Farrer
2738,Farrer
2739,Farrer
2745,Hume
2745,Lindsay
2747,Chifley
2747,Lindsay
2748,Lindsay
2748,McMahon
2749,Lindsay
2750,Lindsay
2752,Hume
2753,Lindsay
2753,Macquarie
2754,Macquarie
2756,Berowra
2756,Macquarie
2757,Macquarie
2758,Macquarie
2759,McMahon
2760,Chifley
2760,Lindsay
2761,Chifley
2762,Chifley
2762,Greenway
2763,Chifley
2763,Greenway
2765,Berowra
2765,Chifley
2765,Greenway
2765,Lindsay
2765,Macquarie
2765,Mitchell
2766,Chifley
2766,McMahon
2767,Chifley
2768,Greenway
2769,Greenway
2770,Chifley
2770,McMahon
2773,Macquarie
2774,Macquarie
2775,Berowra
2775,Macquarie
2775,Robertson
2776,Macquarie
2777,Macquarie
2778,Macquarie
2779,Macquarie
2780,Macquarie
2782,Macquarie
2783,Macquarie
2784,Macquarie
2785,Calare
2785,Macquarie
2786,Calare
2786,Macquarie
2787,Calare
2787,Hume
2790,Calare
2791,Calare
2792,Calare
2792,Riverina
2793,Riverina
2794,Hume
2794,Riverina
2795,Calare
2797,Calare
2797,Riverina
2798,Calare
2799,Calare
2799,Riverina
2800,Calare
2803,Riverina
2804,Calare
2804,Riverina
2805,Calare
2805,Riverina
2806,Calare
2806,Riverina
2807,Riverina
2808,Hume
2808,Riverina
2809,Riverina
2810,Riverina
2817,Parkes
2818,Calare
2820,Calare
2821,Parkes
2822,Parkes
2823,Parkes
2824,Parkes
2825,Parkes
2826,Parkes
2827,Parkes
2828,Parkes
2829,Parkes
2830,Calare
2830,Parkes
2831,Calare
2831,Parkes
2832,Parkes
2833,Parkes
2834,Parkes
2835,Parkes
2836,Parkes
2838,Parkes
2839,Parkes
2840,Parkes
2842,Parkes
2843,Parkes
2844,Calare
2844,Parkes
2845,Calare
2846,Calare
2847,Calare
2848,Calare
2849,Calare
2850,Calare
2852,Calare
2852,Parkes
2864,Calare
2865,Calare
2866,Calare
2867,Calare
2868,Calare
2869,Parkes
2869,Riverina
2870,Calare
2870,Riverina
2871,Parkes
2871,Riverina
2873,Parkes
2874,Parkes
2874,Riverina
2875,Parkes
2875,Riverina
2876,Riverina
2877,Parkes
2877,Riverina
2878,Farrer
2878,Parkes
2879,Parkes
2880,Parkes
2899,Bean
2900,Bean
2902,Bean
2903,Bean
2904,Bean
2905,Bean
2906,Bean
2911,Fenner
2912,Fenner
2913,Fenner
2914,Fenner
3000,Melbourne
3002,Melbourne
3003,Melbourne
3004,Macnamara
3006,Macnamara
3008,Macnamara
3008,Melbourne
3011,Gellibrand
3011,Maribyrnong
3012,Fraser
3012,Gellibrand
3012,Maribyrnong
3013,Gellibrand
3015,Gellibrand
3016,Gellibrand
3018,Gellibrand
3019,Fraser
3020,Fraser
3021,Fraser
3021,Gorton
3022,Fraser
3023,Fraser
3023,Gorton
3024,Gorton
3024,Lalor
3025,Gellibrand
3026,Gellibrand
3027,Gellibrand
3027,Lalor
3028,Gellibrand
3029,Gorton
3029,Lalor
3030,Fraser
3030,Gellibrand
3030,Gorton
3030,Lalor
3031,Maribyrnong
3031,Melbourne
3032,Maribyrnong
3033,Maribyrnong
3034,Maribyrnong
3036,Calwell
3036,Fraser
3037,Fraser
3037,Gorton
3038,Fraser
3039,Maribyrnong
3040,Maribyrnong
3041,Maribyrnong
3042,Calwell
3042,Maribyrnong
3043,Calwell
3043,Maribyrnong
3044,Wills
3045,Calwell
3046,Wills
3047,Calwell
3048,Calwell
3049,Calwell
3051,Melbourne
3052,Melbourne
3053,Melbourne
3054,Melbourne
3055,Wills
3056,Wills
3057,Wills
3058,Cooper
3058,Wills
3059,Calwell
3060,Calwell
3060,Wills
3061,Calwell
3062,Calwell
3063,Calwell
3063,McEwen
3064,Calwell
3064,McEwen
3065,Melbourne
3066,Melbourne
3067,Melbourne
3068,Cooper
3068,Melbourne
3068,Wills
3070,Cooper
3071,Cooper
3072,Cooper
3073,Cooper
3074,Scullin
3075,Scullin
3076,Scullin
3078,Cooper
3079,Jagajaga
3081,Jagajaga
3082,Scullin
3083,Cooper
3083,Jagajaga
3083,Scullin
3084,Jagajaga
3085,Cooper
3085,Jagajaga
3087,Jagajaga
3088,Jagajaga
3089,Jagajaga
3090,Jagajaga
3091,McEwen
3093,Jagajaga
3094,Jagajaga
3095,Jagajaga
3095,Menzies
3096,Jagajaga
3097,McEwen
3097,Menzies
3099,McEwen
3101,Kooyong
3102,Kooyong
3103,Kooyong
3104,Kooyong
3105,Menzies
3106,Menzies
3107,Menzies
3108,Menzies
3109,Menzies
3111,Menzies
3113,Menzies
3114,Deakin
3114,Menzies
3115,Casey
3115,Menzies
3116,Casey
3121,Melbourne
3122,Kooyong
3123,Higgins
3123,Kooyong
3124,Higgins
3124,Kooyong
3125,Chisholm
3126,Kooyong
3127,Chisholm
3127,Kooyong
3128,Chisholm
3129,Chisholm
3129,Kooyong
3130,Chisholm
3131,Chisholm
3131,Deakin
3132,Deakin
3133,Deakin
3134,Deakin
3134,Menzies
3135,Deakin
3136,Deakin
3136,Menzies
3137,Casey
3137,Deakin
3138,Casey
3139,Casey
3140,Casey
3141,Higgins
3141,Macnamara
3142,Higgins
3143,Higgins
3144,Higgins
3145,Higgins
3145,Macnamara
3146,Higgins
3147,Chisholm
3147,Higgins
3148,Chisholm
3148,Hotham
3149,Chisholm
3149,Hotham
3150,Chisholm
3150,Hotham
3151,Chisholm
3152,Aston
3153,Aston
3153,Deakin
3154,Aston
3155,Aston
3156,Aston
3156,Bruce
3156,Casey
3158,Casey
3159,Casey
3159,La Trobe
3160,Casey
3161,Macnamara
3162,Goldstein
3162,Macnamara
3163,Goldstein
3163,Higgins
3163,Macnamara
3165,Hotham
3166,Higgins
3166,Hotham
3167,Hotham
3168,Hotham
3169,Hotham
3170,Hotham
3171,Bruce
3171,Hotham
3172,Bruce
3172,Hotham
3172,Isaacs
3173,Bruce
3173,Isaacs
3174,Bruce
3175,Bruce
3175,Isaacs
3177,Bruce
3178,Aston
3179,Aston
3180,Aston
3181,Higgins
3181,Macnamara
3182,Macnamara
3183,Macnamara
3184,Macnamara
3185,Goldstein
3185,Macnamara
3186,Goldstein
3187,Goldstein
3188,Goldstein
3189,Isaacs
3190,Goldstein
3190,Isaacs
3191,Goldstein
3192,Goldstein
3192,Isaacs
3193,Goldstein
3194,Isaacs
3195,Isaacs
3196,Isaacs
3197,Isaacs
3198,Dunkley
3199,Dunkley
3200,Dunkley
3201,Dunkley
3202,Isaacs
3204,Goldstein
3204,Higgins
3204,Hotham
3205,Macnamara
3206,Macnamara
3207,Macnamara
3211,Corio
3211,Lalor
3212,Corio
3213,Corangamite
3213,Corio
3214,Corio
3215,Corio
3216,Corangamite
3216,Corio
3217,Corangamite
3218,Corangamite
3218,Corio
3219,Corio
3220,Corio
3221,Corangamite
3222,Corangamite
3223,Corangamite
3224,Corangamite
3225,Corangamite
3226,Corangamite
3227,Corangamite
3228,Corangamite
3230,Corangamite
3231,Corangamite
3232,Corangamite
3233,Corangamite
3234,Corangamite
3235,Corangamite
3236,Corangamite
3237,Corangamite
3237,Wannon
3238,Corangamite
3239,Corangamite
3239,Wannon
3240,Corangamite
3241,Corangamite
3242,Corangamite
3243,Corangamite
3249,Corangamite
3249,Wannon
3250,Wannon
3251,Wannon
3254,Wannon
3260,Corangamite
3260,Wannon
3264,Wannon
3265,Wannon
3266,Corangamite
3266,Wannon
3267,Wannon
3268,Wannon
3269,Wannon
3270,Wannon
3271,Wannon
3272,Wannon
3273,Wannon
3274,Wannon
3275,Wannon
3276,Wannon
3277,Wannon
3278,Wannon
3279,Wannon
3280,Wannon
3281,Wannon
3282,Wannon
3283,Wannon
3284,Wannon
3285,Wannon
3286,Wannon
3287,Wannon
3289,Wannon
3292,Wannon
3293,Wannon
3294,Wannon
3300,Wannon
3301,Wannon
3302,Wannon
3303,Wannon
3304,Wannon
3305,Wannon
3309,Wannon
3310,Wannon
3311,Wannon
3312,Mallee
3312,Wannon
3314,Wannon
3315,Mallee
3315,Wannon
3317,Mallee
3317,Wannon
3318,Mallee
3319,Mallee
3321,Corangamite
3322,Wannon
3323,Wannon
3324,Wannon
3325,Wannon
3328,Corangamite
3329,Corangamite
3330,Wannon
3331,Corangamite
3332,Corangamite
3333,Ballarat
3333,Corangamite
3334,Ballarat
3334,Corangamite
3335,Gorton
3336,Gorton
3337,Gorton
3337,McEwen
3338,Gorton
3340,Ballarat
3340,Corio
3340,Gorton
3341,Ballarat
3342,Ballarat
3342,Corangamite
3345,Ballarat
3350,Ballarat
3351,Ballarat
3351,Wannon
3352,Ballarat
3352,Wannon
3355,Ballarat
3356,Ballarat
3357,Ballarat
3358,Ballarat
3360,Wannon
3361,Wannon
3363,Ballarat
3364,Ballarat
3364,Bendigo
3364,Mallee
3370,Ballarat
3370,Mallee
3371,Ballarat
3371,Mallee
3371,Wannon
3373,Wannon
3374,Wannon
3375,Wannon
3377,Mallee
3377,Wannon
3378,Wannon
3379,Wannon
3380,Wannon
3381,Mallee
3381,Wannon
3384,Mallee
3385,Mallee
3385,Wannon
3387,Mallee
3387,Wannon
3388,Mallee
3390,Mallee
3391,Mallee
3392,Mallee
3393,Mallee
3395,Mallee
3396,Mallee
3400,Mallee
3401,Mallee
3401,Wannon
3407,Wannon
3409,Mallee
3412,Mallee
3413,Mallee
3414,Mallee
3415,Mallee
3418,Mallee
3419,Mallee
3420,Mallee
3423,Mallee
3424,Mallee
3427,Gorton
3427,McEwen
3428,McEwen
3429,McEwen
3430,McEwen
3431,McEwen
3432,McEwen
3433,McEwen
3434,McEwen
3435,Bendigo
3435,McEwen
3435,Nicholls
3437,McEwen
3438,McEwen
3440,McEwen
3441,McEwen
3442,Bendigo
3442,McEwen
3444,Ballarat
3444,Bendigo
3446,Ballarat
3446,Bendigo
3447,Ballarat
3447,Bendigo
3448,Bendigo
3450,Bendigo
3451,Ballarat
3451,Bendigo
3453,Bendigo
3458,Ballarat
3458,Bendigo
3460,Ballarat
3461,Ballarat
3461,Bendigo
3462,Bendigo
3462,Mallee
3463,Bendigo
3463,Mallee
3464,Bendigo
3464,Mallee
3465,Mallee
3467,Mallee
3468,Mallee
3468,Wannon
3469,Mallee
3469,Wannon
3472,Bendigo
3472,Mallee
3475,Mallee
3477,Mallee
3478,Mallee
3480,Mallee
3482,Mallee
3483,Mallee
3485,Mallee
3487,Mallee
3488,Mallee
3489,Mallee
3490,Mallee
3491,Mallee
3494,Mallee
3496,Mallee
3498,Mallee
3500,Mallee
3501,Mallee
3505,Mallee
3506,Mallee
3507,Mallee
3509,Mallee
3512,Mallee
3515,Bendigo
3515,Mallee
3516,Bendigo
3516,Mallee
3517,Mallee
3518,Mallee
3520,Mallee
3521,Nicholls
3522,Bendigo
3522,Nicholls
3523,Bendigo
3523,Nicholls
3525,Mallee
3527,Mallee
3529,Mallee
3530,Mallee
3531,Mallee
3533,Mallee
3537,Mallee
3540,Mallee
3542,Mallee
3544,Mallee
3546,Mallee
3549,Mallee
3550,Bendigo
3551,Bendigo
3551,Mallee
3551,Nicholls
3555,Bendigo
3556,Bendigo
3556,Mallee
3557,Bendigo
3557,Nicholls
3558,Bendigo
3558,Nicholls
3559,Bendigo
3559,Nicholls
3561,Nicholls
3562,Nicholls
3563,Nicholls
3564,Nicholls
3565,Nicholls
3566,Nicholls
3567,Mallee
3568,Mallee
3570,Bendigo
3570,Mallee
3571,Mallee
3572,Mallee
3572,Nicholls
3573,Mallee
3573,Nicholls
3575,Mallee
3576,Mallee
3579,Mallee
3580,Mallee
3581,Mallee
3583,Mallee
3584,Mallee
3585,Farrer
3585,Mallee
3586,Farrer
3586,Mallee
3588,Mallee
3589,Mallee
3590,Mallee
3591,Mallee
3594,Mallee
3595,Mallee
3596,Mallee
3597,Mallee
3599,Mallee
3607,Nicholls
3608,Nicholls
3610,Nicholls
3612,Nicholls
3614,Nicholls
3616,Nicholls
3617,Nicholls
3618,Nicholls
3620,Nicholls
3621,Nicholls
3622,Nicholls
3623,Nicholls
3624,Nicholls
3629,Nicholls
3630,Nicholls
3631,Nicholls
3633,Nicholls
3634,Nicholls
3635,Nicholls
3636,Nicholls
3637,Nicholls
3638,Nicholls
3639,Nicholls
3640,Nicholls
3641,Nicholls
3644,Farrer
3644,Nicholls
3646,Indi
3646,Nicholls
3647,Nicholls
3649,Nicholls
3658,Indi
3658,McEwen
3658,Nicholls
3659,Nicholls
3660,Indi
3660,Nicholls
3662,Nicholls
3663,Nicholls
3664,Nicholls
3665,Nicholls
3666,Indi
3666,Nicholls
3669,Indi
3669,Nicholls
3670,Indi
3672,Indi
3673,Indi
3675,Indi
3675,Nicholls
3677,Indi
3678,Indi
3682,Indi
3683,Indi
3685,Indi
3687,Indi
3688,Indi
3690,Indi
3691,Indi
3695,Indi
3697,Indi
3698,Indi
3699,Indi
3700,Indi
3701,Gippsland
3701,Indi
3704,Indi
3705,Indi
3707,Eden-Monaro
3707,Gippsland
3707,Indi
3708,Indi
3709,Indi
3711,Indi
3712,Indi
3713,Indi
3714,Indi
3715,Indi
3717,Indi
3718,Indi
3719,Indi
3720,Indi
3722,Indi
3723,Casey
3723,Indi
3725,Indi
3725,Nicholls
3726,Indi
3727,Nicholls
3728,Nicholls
3730,Nicholls
3732,Indi
3733,Indi
3735,Indi
3737,Indi
3738,Indi
3739,Indi
3740,Indi
3741,Indi
3744,Indi
3746,Indi
3747,Indi
3749,Indi
3750,McEwen
3750,Scullin
3751,McEwen
3752,Scullin
3753,McEwen
3754,McEwen
3754,Scullin
3755,McEwen
3756,McEwen
3757,Indi
3757,McEwen
3758,McEwen
3759,McEwen
3760,McEwen
3761,McEwen
3762,McEwen
3763,Indi
3763,McEwen
3764,McEwen
3764,Nicholls
3765,Casey
3766,Casey
3767,Casey
3770,Casey
3775,Casey
3775,McEwen
3777,Casey
3777,Indi
3778,Indi
3779,Indi
3781,La Trobe
3782,Casey
3782,La Trobe
3783,La Trobe
3785,Casey
3786,Casey
3787,Aston
3787,Casey
3788,Casey
3789,Casey
3791,Casey
3792,Casey
3793,Casey
3795,Casey
3796,Casey
3797,Casey
3799,Casey
3802,Bruce
3803,Bruce
3804,Bruce
3804,Casey
3804,La Trobe
3805,Bruce
3805,Holt
3805,La Trobe
3806,La Trobe
3807,La Trobe
3808,La Trobe
3809,La Trobe
3810,La Trobe
3812,La Trobe
3812,Monash
3813,Monash
3814,Monash
3815,Monash
3816,Monash
3818,Monash
3820,Monash
3821,Monash
3822,Monash
3823,Monash
3824,Gippsland
3824,Monash
3825,Gippsland
3825,Monash
3831,Monash
3832,Monash
3833,Monash
3835,Monash
3840,Gippsland
3842,Gippsland
3844,Gippsland
3847,Gippsland
3850,Gippsland
3851,Gippsland
3852,Gippsland
3854,Gippsland
3856,Gippsland
3857,Gippsland
3858,Gippsland
3859,Gippsland
3860,Gippsland
3862,Gippsland
3864,Gippsland
3865,Gippsland
3869,Gippsland
3870,Gippsland
3871,Gippsland
3871,Monash
3873,Gippsland
3874,Gippsland
3875,Gippsland
3878,Gippsland
3880,Gippsland
3882,Gippsland
3885,Gippsland
3886,Gippsland
3887,Gippsland
3888,Gippsland
3889,Gippsland
3890,Gippsland
3891,Gippsland
3892,Gippsland
3893,Gippsland
3895,Gippsland
3896,Gippsland
3898,Gippsland
3898,Indi
3900,Gippsland
3902,Gippsland
3903,Gippsland
3904,Gippsland
3909,Gippsland
3910,Dunkley
3911,Dunkley
3911,Flinders
3912,Flinders
3912,Holt
3913,Flinders
3915,Flinders
3916,Flinders
3918,Flinders
3919,Flinders
3920,Flinders
3921,Flinders
3922,Monash
3923,Monash
3925,Monash
3926,Flinders
3927,Flinders
3928,Flinders
3929,Flinders
3930,Dunkley
3931,Flinders
3933,Flinders
3934,Flinders
3936,Flinders
3937,Flinders
3938,Flinders
3939,Flinders
3940,Flinders
3941,Flinders
3942,Flinders
3943,Flinders
3944,Flinders
3945,Monash
3946,Monash
3950,Monash
3951,Monash
3953,Monash
3954,Monash
3956,Monash
3957,Monash
3958,Monash
3959,Monash
3960,Monash
3962,Gippsland
3962,Monash
3964,Monash
3965,Monash
3966,Gippsland
3966,Monash
3967,Gippsland
3967,Monash
3971,Gippsland
3975,Holt
3975,Isaacs
3976,Holt
3977,Dunkley
3977,Holt
3978,Holt
3978,La Trobe
3978,Monash
3979,Monash
3980,Holt
3980,Monash
3981,La Trobe
3981,Monash
3984,Monash
3987,Monash
3988,Monash
3990,Monash
3991,Monash
3992,Monash
3995,Monash
3996,Monash
4000,Brisbane
4005,Brisbane
4006,Brisbane
4007,Brisbane
4008,Lilley
4009,Brisbane
4009,Lilley
4010,Brisbane
4011,Brisbane
4012,Brisbane
4012,Lilley
4013,Lilley
4014,Lilley
4017,Lilley
4017,Petrie
4018,Lilley
4018,Petrie
4019,Petrie
4020,Petrie
4021,Petrie
4022,Petrie
4025,Bonner
4030,Brisbane
4031,Brisbane
4031,Lilley
4032,Lilley
4034,Lilley
4034,Petrie
4035,Dickson
4035,Lilley
4035,Petrie
4036,Petrie
4037,Dickson
4051,Brisbane
4051,Ryan
4053,Brisbane
4053,Dickson
4053,Lilley
4053,Ryan
4054,Dickson
4054,Ryan
4055,Dickson
4055,Ryan
4059,Brisbane
4060,Brisbane
4060,Ryan
4061,Ryan
4064,Brisbane
4064,Ryan
4065,Brisbane
4065,Ryan
4066,Brisbane
4066,Ryan
4067,Ryan
4068,Moreton
4068,Ryan
4069,Ryan
4070,Ryan
4073,Oxley
4074,Oxley
4075,Moreton
4075,Oxley
4076,Oxley
4077,Oxley
4078,Oxley
4101,Griffith
4102,Griffith
4103,Moreton
4104,Moreton
4105,Moreton
4106,Moreton
4107,Moreton
4108,Moreton
4109,Moreton
4110,Moreton
4110,Oxley
4111,Moreton
4112,Moreton
4113,Bonner
4113,Moreton
4114,Rankin
4115,Rankin
4116,Rankin
4117,Rankin
4118,Forde
4118,Rankin
4118,Wright
4119,Rankin
4120,Griffith
4121,Bonner
4121,Griffith
4121,Moreton
4122,Bonner
4122,Griffith
4123,Bonner
4123,Rankin
4124,Forde
4124,Wright
4125,Forde
4125,Wright
4127,Forde
4127,Rankin
4128,Forde
4128,Rankin
4129,Forde
4130,Forde
4131,Forde
4131,Rankin
4132,Rankin
4133,Forde
4151,Griffith
4152,Bonner
4152,Griffith
4153,Bonner
4154,Bonner
4155,Bonner
4156,Bonner
4157,Bowman
4158,Bowman
4159,Bowman
4160,Bowman
4161,Bowman
4163,Bowman
4164,Bowman
4165,Bowman
4169,Griffith
4170,Bonner
4170,Griffith
4171,Griffith
4172,Bonner
4172,Griffith
4173,Bonner
4174,Bonner
4178,Bonner
4179,Bonner
4183,Bowman
4184,Bowman
4205,Forde
4207,Fadden
4207,Forde
4207,Wright
4208,Fadden
4208,Forde
4209,Fadden
4209,Forde
4210,Fadden
4210,Forde
4210,Wright
4211,Fadden
4211,Moncrieff
4211,Wright
4212,Fadden
4213,McPherson
4213,Moncrieff
4213,Wright
4214,Fadden
4214,Moncrieff
4215,Fadden
4215,Moncrieff
4216,Fadden
4217,Moncrieff
4218,Moncrieff
4220,McPherson
4220,Moncrieff
4221,McPherson
4223,McPherson
4224,McPherson
4225,McPherson
4226,McPherson
4226,Moncrieff
4227,McPherson
4228,McPherson
4270,Wright
4272,Wright
4275,Wright
4280,Forde
4280,Wright
4285,Wright
4287,Wright
4300,Blair
4300,Oxley
4301,Blair
4301,Oxley
4303,Blair
4304,Blair
4305,Blair
4305,Wright
4306,Blair
4307,Blair
4307,Wright
4309,Wright
4310,Wright
4311,Blair
4311,Wright
4312,Blair
4313,Blair
4314,Blair
4314,Maranoa
4340,Blair
4340,Wright
4341,Wright
4342,Blair
4342,Wright
4343,Wright
4344,Wright
4346,Blair
4347,Wright
4350,Groom
4352,Groom
4352,Maranoa
4352,Wright
4353,Groom
4353,Maranoa
4354,Groom
4354,Maranoa
4355,Groom
4355,Maranoa
4356,Groom
4357,Maranoa
4358,Groom
4358,Maranoa
4359,Groom
4359,Wright
4360,Groom
4360,Maranoa
4361,Maranoa
4362,Maranoa
4363,Groom
4364,Groom
4365,Maranoa
4370,Maranoa
4371,Maranoa
4372,Maranoa
4373,Maranoa
4374,Maranoa
4375,Maranoa
4375,New England
4376,Maranoa
4377,Maranoa
4377,New England
4378,Maranoa
4380,Maranoa
4381,Maranoa
4382,Maranoa
4383,Maranoa
4383,New England
4384,Maranoa
4385,Maranoa
4385,New England
4387,Maranoa
4388,Maranoa
4390,Maranoa
4400,Groom
4401,Groom
4402,Groom
4402,Maranoa
4403,Groom
4404,Groom
4404,Maranoa
4405,Groom
4405,Maranoa
4406,Maranoa
4407,Groom
4407,Maranoa
4408,Maranoa
4410,Maranoa
4411,Maranoa
4412,Maranoa
4413,Maranoa
4415,Maranoa
4416,Maranoa
4417,Maranoa
4418,Maranoa
4419,Flynn
4419,Maranoa
4420,Flynn
4420,Maranoa
4421,Maranoa
4422,Maranoa
4423,Maranoa
4424,Maranoa
4425,Maranoa
4426,Maranoa
4427,Maranoa
4428,Maranoa
4454,Flynn
4454,Maranoa
4455,Maranoa
4461,Maranoa
4462,Maranoa
4465,Maranoa
4467,Maranoa
4468,Maranoa
4470,Maranoa
4472,Maranoa
4474,Maranoa
4477,Maranoa
4478,Maranoa
4479,Maranoa
4480,Maranoa
4481,Maranoa
4482,Maranoa
4486,Maranoa
4487,Maranoa
4488,Maranoa
4489,Maranoa
4490,Maranoa
4491,Maranoa
4492,Maranoa
4493,Maranoa
4494,Maranoa
4496,Maranoa
4497,Maranoa
4498,Maranoa
4500,Dickson
4501,Dickson
4502,Dickson
4503,Dickson
4503,Longman
4503,Petrie
4504,Dickson
4504,Longman
4504,Petrie
4505,Longman
4505,Petrie
4506,Longman
4507,Longman
4508,Petrie
4509,Petrie
4510,Longman
4511,Longman
4512,Longman
4514,Blair
4514,Longman
4515,Blair
4516,Longman
4517,Fisher
4518,Fisher
4519,Fisher
4520,Dickson
4520,Ryan
4521,Dickson
4521,Longman
4550,Fisher
4551,Fisher
4552,Fisher
4552,Longman
4553,Fisher
4554,Fisher
4555,Fisher
4556,Fairfax
4556,Fisher
4557,Fairfax
4557,Fisher
4558,Fairfax
4559,Fairfax
4559,Fisher
4560,Fairfax
4560,Fisher
4561,Fairfax
4562,Fairfax
4562,Wide Bay
4563,Wide Bay
4564,Fairfax
4565,Wide Bay
4566,Wide Bay
4567,Wide Bay
4568,Wide Bay
4569,Wide Bay
4570,Wide Bay
4571,Wide Bay
4572,Fairfax
4572,Fisher
4573,Fairfax
4573,Wide Bay
4574,Fairfax
4574,Fisher
4574,Wide Bay
4575,Fisher
4580,Wide Bay
4581,Wide Bay
4600,Wide Bay
4601,Wide Bay
4605,Flynn
4605,Wide Bay
4606,Flynn
4608,Flynn
4608,Maranoa
4610,Flynn
4610,Maranoa
4611,Flynn
4612,Flynn
4613,Flynn
4614,Maranoa
4615,Maranoa
4615,Wide Bay
4620,Wide Bay
4621,Flynn
4621,Wide Bay
4625,Flynn
4626,Flynn
4626,Maranoa
4627,Flynn
4630,Flynn
4650,Hinkler
4650,Wide Bay
4655,Hinkler
4655,Wide Bay
4659,Hinkler
4660,Hinkler
4662,Hinkler
4670,Flynn
4670,Hinkler
4671,Flynn
4671,Hinkler
4673,Flynn
4674,Flynn
4676,Flynn
4677,Flynn
4678,Flynn
4680,Flynn
4694,Flynn
4695,Flynn
4697,Flynn
4699,Flynn
4700,Capricornia
4700,Flynn
4701,Capricornia
4702,Capricornia
4702,Flynn
4703,Capricornia
4704,Capricornia
4705,Capricornia
4706,Capricornia
4707,Capricornia
4709,Flynn
4710,Capricornia
4711,Capricornia
4712,Flynn
4713,Flynn
4714,Flynn
4715,Flynn
4716,Flynn
4717,Flynn
4718,Flynn
4719,Flynn
4720,Flynn
4721,Capricornia
4721,Flynn
4722,Flynn
4723,Flynn
4724,Capricornia
4724,Maranoa
4725,Maranoa
4726,Maranoa
4727,Maranoa
4728,Maranoa
4730,Maranoa
4731,Maranoa
4732,Kennedy
4732,Maranoa
4733,Maranoa
4735,Maranoa
4736,Maranoa
4737,Capricornia
4738,Capricornia
4739,Capricornia
4740,Capricornia
4740,Dawson
4741,Capricornia
4741,Dawson
4742,Capricornia
4743,Capricornia
4744,Capricornia
4745,Capricornia
4745,Flynn
4746,Capricornia
4746,Flynn
4750,Dawson
4751,Capricornia
4753,Capricornia
4754,Capricornia
4756,Capricornia
4757,Capricornia
4798,Dawson
4799,Dawson
4800,Dawson
4802,Dawson
4803,Dawson
4804,Capricornia
4804,Dawson
4805,Capricornia
4805,Dawson
4806,Dawson
4807,Dawson
4807,Kennedy
4808,Dawson
4809,Dawson
4809,Kennedy
4810,Dawson
4810,Herbert
4811,Dawson
4811,Herbert
4811,Kennedy
4812,Herbert
4814,Dawson
4814,Herbert
4815,Herbert
4815,Kennedy
4816,Dawson
4816,Kennedy
4817,Herbert
4817,Kennedy
4818,Herbert
4818,Kennedy
4819,Herbert
4820,Kennedy
4821,Kennedy
4822,Kennedy
4823,Kennedy
4824,Kennedy
4825,Kennedy
4828,Kennedy
4829,Kennedy
4829,Maranoa
4830,Kennedy
4849,Kennedy
4850,Kennedy
4852,Kennedy
4854,Kennedy
4855,Kennedy
4856,Kennedy
4858,Kennedy
4859,Kennedy
4860,Kennedy
4861,Kennedy
4865,Kennedy
4868,Kennedy
4868,Leichhardt
4869,Kennedy
4870,Kennedy
4870,Leichhardt
4871,Kennedy
4871,Leichhardt
4872,Kennedy
4872,Leichhardt
4873,Leichhardt
4874,Leichhardt
4875,Leichhardt
4876,Leichhardt
4877,Leichhardt
4878,Leichhardt
4879,Leichhardt
4880,Kennedy
4881,Kennedy
4881,Leichhardt
4882,Kennedy
4883,Kennedy
4884,Kennedy
4885,Kennedy
4886,Kennedy
4887,Kennedy
4888,Kennedy
4890,Kennedy
4891,Kennedy
4892,Kennedy
4892,Leichhardt
4895,Leichhardt
5000,Adelaide
5006,Adelaide
5007,Adelaide
5008,Adelaide
5009,Adelaide
5009,Hindmarsh
5010,Adelaide
5011,Hindmarsh
5012,Adelaide
5012,Hindmarsh
5013,Hindmarsh
5013,Makin
5014,Hindmarsh
5015,Hindmarsh
5016,Hindmarsh
5017,Hindmarsh
5018,Hindmarsh
5019,Hindmarsh
5020,Hindmarsh
5021,Hindmarsh
5022,Hindmarsh
5023,Hindmarsh
5024,Hindmarsh
5025,Adelaide
5025,Hindmarsh
5031,Adelaide
5032,Adelaide
5032,Hindmarsh
5033,Adelaide
5033,Hindmarsh
5034,Adelaide
5034,Boothby
5035,Adelaide
5035,Boothby
5037,Adelaide
5037,Boothby
5037,Hindmarsh
5038,Adelaide
5038,Boothby
5038,Hindmarsh
5039,Boothby
5040,Hindmarsh
5041,Boothby
5042,Boothby
5043,Boothby
5044,Boothby
5045,Boothby
5045,Hindmarsh
5046,Boothby
5047,Boothby
5047,Kingston
5048,Boothby
5049,Boothby
5050,Boothby
5051,Boothby
5051,Mayo
5052,Boothby
5052,Mayo
5061,Adelaide
5062,Boothby
5063,Adelaide
5063,Sturt
5064,Boothby
5064,Sturt
5065,Sturt
5066,Sturt
5067,Sturt
5068,Sturt
5069,Sturt
5070,Sturt
5072,Mayo
5072,Sturt
5073,Sturt
5074,Sturt
5075,Sturt
5076,Mayo
5076,Sturt
5081,Adelaide
5082,Adelaide
5083,Adelaide
5084,Adelaide
5085,Adelaide
5085,Makin
5086,Adelaide
5086,Sturt
5087,Sturt
5088,Sturt
5089,Sturt
5090,Makin
5090,Sturt
5091,Makin
5092,Makin
5093,Makin
5094,Makin
5095,Makin
5096,Makin
5097,Makin
5098,Makin
5106,Makin
5106,Spence
5107,Makin
5108,Spence
5109,Makin
5109,Spence
5110,Makin
5110,Spence
5111,Spence
5112,Spence
5113,Spence
5114,Makin
5114,Mayo
5114,Spence
5115,Spence
5116,Spence
5117,Spence
5118,Barker
5118,Grey
5118,Spence
5120,Spence
5121,Spence
5125,Makin
5126,Makin
5127,Makin
5131,Makin
5131,Mayo
5132,Mayo
5132,Sturt
5133,Mayo
5134,Mayo
5136,Mayo
5137,Mayo
5138,Mayo
5139,Mayo
5140,Mayo
5141,Mayo
5142,Mayo
5144,Mayo
5150,Boothby
5150,Sturt
5151,Mayo
5152,Boothby
5152,Mayo
5153,Mayo
5154,Mayo
5155,Mayo
5156,Mayo
5157,Mayo
5158,Boothby
5158,Kingston
5159,Kingston
5159,Mayo
5160,Kingston
5161,Kingston
5162,Kingston
5163,Kingston
5164,Kingston
5165,Kingston
5166,Kingston
5167,Kingston
5168,Kingston
5168,Mayo
5169,Kingston
5170,Kingston
5171,Mayo
5172,Mayo
5173,Mayo
5174,Mayo
5201,Mayo
5202,Mayo
5203,Mayo
5204,Mayo
5210,Mayo
5211,Mayo
5212,Mayo
5213,Mayo
5214,Mayo
5220,Mayo
5221,Mayo
5222,Mayo
5223,Mayo
5231,Mayo
5232,Mayo
5233,Mayo
5234,Barker
5234,Mayo
5235,Barker
5235,Mayo
5236,Barker
5237,Barker
5238,Barker
5240,Mayo
5241,Mayo
5242,Mayo
5243,Mayo
5244,Barker
5244,Mayo
5245,Mayo
5250,Mayo
5251,Mayo
5252,Mayo
5253,Barker
5254,Barker
5254,Mayo
5255,Barker
5255,Mayo
5256,Mayo
5259,Barker
5260,Barker
5261,Barker
5262,Barker
5263,Barker
5264,Barker
5265,Barker
5266,Barker
5267,Barker
5268,Barker
5269,Barker
5270,Barker
5271,Barker
5272,Barker
5273,Barker
5275,Barker
5276,Barker
5277,Barker
5278,Barker
5279,Barker
5280,Barker
5290,Barker
5291,Barker
5301,Barker
5302,Barker
5303,Barker
5304,Barker
5306,Barker
5307,Barker
5308,Barker
5309,Barker
5310,Barker
5311,Barker
5320,Barker
5320,Grey
5321,Barker
5322,Barker
5330,Barker
5331,Barker
5332,Barker
5333,Barker
5340,Barker
5341,Barker
5341,Mallee
5342,Barker
5343,Barker
5344,Barker
5345,Barker
5346,Barker
5350,Barker
5351,Barker
5351,Mayo
5352,Barker
5353,Barker
5354,Barker
5355,Barker
5356,Barker
5356,Grey
5357,Barker
5360,Barker
5371,Barker
5371,Grey
5372,Barker
5373,Barker
5374,Barker
5374,Grey
5381,Grey
5400,Grey
5401,Grey
5410,Barker
5410,Grey
5411,Grey
5412,Grey
5413,Grey
5414,Grey
5415,Grey
5416,Grey
5417,Grey
5418,Grey
5419,Grey
5420,Grey
5421,Grey
5422,Grey
5431,Grey
5432,Grey
5433,Grey
5434,Grey
5440,Grey
5451,Grey
5452,Grey
5453,Grey
5454,Grey
5455,Grey
5460,Grey
5461,Grey
5462,Grey
5464,Grey
5470,Grey
5471,Grey
5472,Grey
5473,Grey
5480,Grey
5481,Grey
5482,Grey
5483,Grey
5485,Grey
5490,Grey
5491,Grey
5493,Grey
5495,Grey
5501,Grey
5502,Grey
5502,Spence
5510,Grey
5520,Grey
5521,Grey
5522,Grey
5523,Grey
5540,Grey
5550,Grey
5552,Grey
5554,Grey
5555,Grey
5556,Grey
5558,Grey
5560,Grey
5570,Grey
5571,Grey
5572,Grey
5573,Grey
5575,Grey
5576,Grey
5577,Grey
5580,Grey
5581,Grey
5582,Grey
5583,Grey
5600,Grey
5601,Grey
5602,Grey
5603,Grey
5604,Grey
5605,Grey
5606,Grey
5607,Grey
5608,Grey
5609,Grey
5611,Grey
5630,Grey
5631,Grey
5632,Grey
5633,Grey
5640,Grey
5641,Grey
5642,Grey
5650,Grey
5651,Grey
5652,Grey
5653,Grey
5654,Grey
5655,Grey
5660,Grey
5661,Grey
5670,Grey
5671,Grey
5680,Grey
5690,Grey
5700,Grey
5701,Grey
5710,Grey
5715,Grey
5717,Grey
5719,Grey
5720,Grey
5722,Grey
5723,Grey
5724,Grey
5725,Grey
5730,Grey
5731,Grey
5732,Grey
5733,Grey
5734,Grey
5950,Hindmarsh
6000,Perth
6003,Perth
6004,Perth
6005,Perth
6006,Perth
6007,Curtin
6007,Perth
6008,Curtin
6009,Curtin
6010,Curtin
6011,Curtin
6012,Curtin
6014,Curtin
6015,Curtin
6016,Curtin
6016,Perth
6017,Curtin
6017,Perth
6017,Stirling
6018,Curtin
6018,Stirling
6019,Curtin
6019,Stirling
6020,Moore
6020,Stirling
6021,Stirling
6022,Stirling
6023,Moore
6024,Cowan
6025,Moore
6026,Cowan
6026,Moore
6027,Moore
6028,Moore
6029,Stirling
6030,Pearce
6031,Pearce
6032,Pearce
6033,Pearce
6034,Pearce
6035,Pearce
6036,Pearce
6037,Pearce
6038,Pearce
6041,Pearce
6042,Pearce
6043,Pearce
6044,Durack
6044,Pearce
6050,Perth
6050,Stirling
6051,Perth
6052,Perth
6052,Stirling
6053,Perth
6054,Cowan
6054,Perth
6055,Hasluck
6055,Pearce
6055,Swan
6056,Hasluck
6056,Pearce
6057,Hasluck
6057,Swan
6058,Hasluck
6058,Swan
6059,Perth
6059,Stirling
6060,Stirling
6061,Stirling
6062,Perth
6062,Stirling
6063,Cowan
6064,Cowan
6065,Cowan
6066,Cowan
6067,Cowan
6068,Cowan
6069,Pearce
6070,Hasluck
6071,Hasluck
6072,Hasluck
6073,Hasluck
6074,Hasluck
6076,Canning
6076,Hasluck
6077,Cowan
6078,Pearce
6079,Pearce
6081,Hasluck
6082,Hasluck
6083,Hasluck
6083,Pearce
6084,Pearce
6090,Cowan
6100,Swan
6101,Swan
6102,Swan
6103,Swan
6104,Swan
6105,Swan
6106,Hasluck
6106,Swan
6107,Hasluck
6107,Swan
6108,Burt
6109,Canning
6109,Hasluck
6110,Burt
6110,Canning
6111,Burt
6111,Canning
6112,Burt
6112,Canning
6112,Fremantle
6121,Canning
6122,Canning
6123,Canning
6124,Canning
6125,Canning
6126,Canning
6147,Burt
6147,Tangney
6148,Tangney
6149,Tangney
6150,Tangney
6151,Swan
6152,Swan
6153,Tangney
6154,Tangney
6155,Burt
6155,Tangney
6156,Tangney
6157,Fremantle
6157,Tangney
6158,Fremantle
6159,Fremantle
6160,Fremantle
6161,Fremantle
6162,Fremantle
6163,Fremantle
6163,Tangney
6164,Fremantle
6165,Brand
6166,Fremantle
6167,Brand
6168,Brand
6169,Brand
6170,Brand
6171,Brand
6172,Brand
6173,Brand
6174,Brand
6175,Brand
6176,Brand
6180,Canning
6181,Canning
6182,Brand
6207,Canning
6208,Canning
6209,Canning
6210,Canning
6211,Canning
6213,Canning
6214,Canning
6215,Canning
6218,Forrest
6220,Forrest
6221,Forrest
6223,Forrest
6224,Forrest
6225,Forrest
6225,O'Connor
6226,Forrest
6227,Forrest
6228,Forrest
6229,Forrest
6230,Forrest
6232,Forrest
6233,Forrest
6236,Forrest
6237,Forrest
6239,Forrest
6240,Forrest
6243,Forrest
6243,O'Connor
6244,O'Connor
6251,Forrest
6252,Forrest
6253,Forrest
6254,O'Connor
6255,O'Connor
6256,O'Connor
6258,Forrest
6258,O'Connor
6260,Forrest
6260,O'Connor
6262,O'Connor
6271,Forrest
6275,Forrest
6280,Forrest
6281,Forrest
6282,Forrest
6284,Forrest
6285,Forrest
6286,Forrest
6288,Forrest
6290,Forrest
6302,Pearce
6304,Pearce
6306,O'Connor
6308,O'Connor
6309,O'Connor
6311,O'Connor
6312,O'Connor
6313,O'Connor
6315,O'Connor
6316,O'Connor
6317,O'Connor
6318,O'Connor
6320,O'Connor
6321,O'Connor
6322,O'Connor
6323,O'Connor
6324,O'Connor
6326,O'Connor
6327,O'Connor
6328,O'Connor
6330,O'Connor
6333,O'Connor
6335,O'Connor
6336,O'Connor
6337,O'Connor
6338,O'Connor
6341,O'Connor
6343,O'Connor
6346,O'Connor
6348,O'Connor
6350,O'Connor
6351,O'Connor
6352,O'Connor
6353,O'Connor
6355,O'Connor
6356,O'Connor
6357,O'Connor
6358,O'Connor
6359,O'Connor
6361,O'Connor
6363,O'Connor
6365,O'Connor
6367,O'Connor
6368,Durack
6369,Durack
6370,O'Connor
6372,O'Connor
6373,O'Connor
6375,O'Connor
6383,Durack
6384,Durack
6385,Durack
6386,Durack
6390,Canning
6390,O'Connor
6391,Canning
6391,O'Connor
6392,O'Connor
6393,O'Connor
6394,O'Connor
6395,O'Connor
6396,O'Connor
6397,O'Connor
6398,O'Connor
6401,Durack
6401,Pearce
6403,Pearce
6405,Durack
6407,Durack
6409,Durack
6410,Durack
6411,Durack
6412,Durack
6413,Durack
6414,Durack
6415,Durack
6418,Durack
6419,Durack
6420,Durack
6421,Durack
6422,Durack
6423,Durack
6424,Durack
6425,Durack
6426,Durack
6427,Durack
6428,Durack
6429,O'Connor
6430,O'Connor
6431,O'Connor
6432,O'Connor
6434,O'Connor
6436,O'Connor
6437,O'Connor
6438,O'Connor
6440,O'Connor
6442,O'Connor
6443,O'Connor
6445,O'Connor
6446,O'Connor
6447,O'Connor
6448,O'Connor
6450,O'Connor
6460,Durack
6461,Durack
6462,Durack
6463,Durack
6465,Durack
6466,Durack
6467,Durack
6468,Durack
6470,Durack
6472,Durack
6473,Durack
6475,Durack
6476,Durack
6477,Durack
6479,Durack
6480,Durack
6484,Durack
6485,Durack
6487,Durack
6488,Durack
6489,Durack
6490,Durack
6501,Pearce
6502,Pearce
6503,Pearce
6504,Pearce
6505,Pearce
6506,Durack
6507,Durack
6509,Durack
6510,Durack
6511,Durack
6512,Durack
6513,Durack
6514,Durack
6515,Durack
6516,Durack
6517,Durack
6518,Durack
6519,Durack
6521,Durack
6522,Durack
6525,Durack
6528,Durack
6530,Durack
6532,Durack
6535,Durack
6536,Durack
6537,Durack
6556,Hasluck
6558,Hasluck
6560,Pearce
6562,Pearce
6564,Pearce
6566,Durack
6566,Pearce
6567,Pearce
6568,Durack
6568,Pearce
6569,Durack
6571,Durack
6572,Durack
6574,Durack
6575,Durack
6603,Durack
6605,Durack
6606,Durack
6608,Durack
6609,Durack
6612,Durack
6613,Durack
6614,Durack
6616,Durack
6620,Durack
6623,Durack
6625,Durack
6627,Durack
6628,Durack
6630,Durack
6631,Durack
6632,Durack
6635,Durack
6638,Durack
6639,Durack
6640,Durack
6642,Durack
6646,Durack
6701,Durack
6705,Durack
6707,Durack
6710,Durack
6713,Durack
6714,Durack
6716,Durack
6718,Durack
6720,Durack
6721,Durack
6722,Durack
6725,Durack
6726,Durack
6728,Durack
6740,Durack
6743,Durack
6751,Durack
6753,Durack
6754,Durack
6758,Durack
6760,Durack
6765,Durack
6770,Durack
6798,Lingiari
6799,Lingiari
7000,Clark
7004,Clark
7005,Clark
7007,Clark
7008,Clark
7009,Clark
7010,Clark
7011,Clark
7011,Lyons
7012,Clark
7012,Lyons
7015,Franklin
7016,Franklin
7017,Franklin
7017,Lyons
7018,Franklin
7019,Franklin
7020,Franklin
7021,Franklin
7022,Franklin
7023,Franklin
7024,Franklin
7025,Franklin
7025,Lyons
7026,Lyons
7027,Lyons
7030,Clark
7030,Lyons
7050,Clark
7050,Franklin
7052,Franklin
7053,Clark
7054,Clark
7054,Franklin
7055,Franklin
7109,Clark
7109,Franklin
7112,Franklin
7113,Franklin
7116,Franklin
7117,Franklin
7119,Lyons
7120,Lyons
7139,Lyons
7140,Lyons
7150,Clark
7150,Franklin
7155,Franklin
7162,Franklin
7163,Franklin
7170,Franklin
7171,Lyons
7172,Lyons
7173,Lyons
7174,Lyons
7175,Lyons
7176,Lyons
7177,Lyons
7178,Lyons
7179,Lyons
7180,Lyons
7182,Lyons
7183,Lyons
7184,Lyons
7185,Lyons
7186,Lyons
7187,Lyons
7190,Lyons
7209,Lyons
7210,Lyons
7211,Lyons
7212,Bass
7212,Lyons
7213,Lyons
7214,Lyons
7215,Lyons
7216,Lyons
7248,Bass
7249,Bass
7249,Lyons
7250,Bass
7250,Lyons
7252,Bass
7253,Bass
7254,Bass
7255,Bass
7256,Braddon
7257,Bass
7258,Bass
7258,Lyons
7259,Bass
7260,Bass
7261,Bass
7262,Bass
7263,Bass
7264,Bass
7264,Lyons
7265,Bass
7267,Bass
7268,Bass
7270,Bass
7275,Bass
7275,Braddon
7275,Lyons
7276,Bass
7277,Bass
7277,Lyons
7290,Lyons
7291,Lyons
7292,Lyons
7300,Lyons
7301,Lyons
7302,Lyons
7303,Bass
7303,Lyons
7304,Lyons
7305,Braddon
7305,Lyons
7306,Lyons
7307,Braddon
7310,Braddon
7310,Lyons
7315,Braddon
7316,Braddon
7320,Braddon
7321,Braddon
7322,Braddon
7325,Braddon
7330,Braddon
7331,Braddon
7466,Braddon
7467,Braddon
7468,Braddon
7469,Braddon
7470,Braddon
